new_party,total_amount,total_donations,pct_total
Republican,34246016,46978697,0.7289690473960996
Democrat,10113639,46978697,0.21528138594393115
Bipartisan,2619042,46978697,0.0557495666599693
